{
  "data_hash": "77dc8af6846920de60ee4772b49947d49225c2a79a568fbc8e83e1b5958ac179",
  "dataset": "pmma_normalized",
  "models": {
    "XGB": {
      "args": {
        "device": "cuda",
        "eta": 0.01,
        "max_depth": 2,
        "min_child_weight": 3,
        "n_estimators": 100,
        "reg_lambda": 0.0,
        "seed": 40136,
        "subsample": 0.7
      },
      "mean_score": 0.1630594197620045,
      "std_score": 0.1327538413361228
    }
  },
  "seed": 49163,
  "settings_hash": "454fe737b096437c4a7c695b88e3aa12fff235d5abf56d50160b374e6c1e628c",
  "train_size": 0.8
}